loss,grad_norm,learning_rate,epoch,step,eval_loss,eval_accuracy,eval_f1,eval_precision,eval_recall,eval_runtime,eval_samples_per_second,eval_steps_per_second,train_runtime,train_samples_per_second,train_steps_per_second,total_flos,train_loss
1.4734,7.050538539886475,2.0000000000000003e-06,0.05555555555555555,10,,,,,,,,,,,,,
1.4212,7.5173516273498535,4.000000000000001e-06,0.1111111111111111,20,,,,,,,,,,,,,
1.1928,6.945293426513672,6e-06,0.16666666666666666,30,,,,,,,,,,,,,
1.1649,7.0834479331970215,8.000000000000001e-06,0.2222222222222222,40,,,,,,,,,,,,,
1.0344,8.15895938873291,1e-05,0.2777777777777778,50,,,,,,,,,,,,,
0.834,5.510014533996582,1.2e-05,0.3333333333333333,60,,,,,,,,,,,,,
0.7728,4.9051337242126465,1.4000000000000001e-05,0.3888888888888889,70,,,,,,,,,,,,,
0.6724,3.7906768321990967,1.6000000000000003e-05,0.4444444444444444,80,,,,,,,,,,,,,
0.6348,5.239076614379883,1.8e-05,0.5,90,,,,,,,,,,,,,
0.5449,4.964813232421875,2e-05,0.5555555555555556,100,,,,,,,,,,,,,
0.4407,1.6148992776870728,2.2000000000000003e-05,0.6111111111111112,110,,,,,,,,,,,,,
0.3879,5.076235771179199,2.4e-05,0.6666666666666666,120,,,,,,,,,,,,,
0.4579,3.8200533390045166,2.6000000000000002e-05,0.7222222222222222,130,,,,,,,,,,,,,
0.4062,2.094977855682373,2.8000000000000003e-05,0.7777777777777778,140,,,,,,,,,,,,,
0.4238,4.147265434265137,3e-05,0.8333333333333334,150,,,,,,,,,,,,,
0.3786,3.6206154823303223,3.2000000000000005e-05,0.8888888888888888,160,,,,,,,,,,,,,
0.439,4.704469680786133,3.4000000000000007e-05,0.9444444444444444,170,,,,,,,,,,,,,
0.3054,1.4060956239700317,3.6e-05,1.0,180,,,,,,,,,,,,,
,,,1.0,180,0.35225194692611694,0.8753056234718827,0.8747979301946099,0.8814791433604146,0.8753056234718827,170.8721,4.787,0.304,,,,,
0.3202,2.467970132827759,3.8e-05,1.0555555555555556,190,,,,,,,,,,,,,
0.2876,5.487375736236572,4e-05,1.1111111111111112,200,,,,,,,,,,,,,
0.2058,6.014065265655518,4.2e-05,1.1666666666666667,210,,,,,,,,,,,,,
0.3635,5.512066841125488,4.4000000000000006e-05,1.2222222222222223,220,,,,,,,,,,,,,
0.2554,5.0342512130737305,4.600000000000001e-05,1.2777777777777777,230,,,,,,,,,,,,,
0.273,6.074592590332031,4.8e-05,1.3333333333333333,240,,,,,,,,,,,,,
0.1377,1.774368166923523,5e-05,1.3888888888888888,250,,,,,,,,,,,,,
0.268,2.9005043506622314,5.2000000000000004e-05,1.4444444444444444,260,,,,,,,,,,,,,
0.2424,3.412658214569092,5.4000000000000005e-05,1.5,270,,,,,,,,,,,,,
0.1965,4.633073329925537,5.6000000000000006e-05,1.5555555555555556,280,,,,,,,,,,,,,
0.2551,6.0101542472839355,5.8e-05,1.6111111111111112,290,,,,,,,,,,,,,
0.3235,5.904644966125488,6e-05,1.6666666666666665,300,,,,,,,,,,,,,
0.1975,3.208413600921631,6.2e-05,1.7222222222222223,310,,,,,,,,,,,,,
0.1632,0.8845050930976868,6.400000000000001e-05,1.7777777777777777,320,,,,,,,,,,,,,
0.2951,6.320739269256592,6.6e-05,1.8333333333333335,330,,,,,,,,,,,,,
0.1426,3.039928436279297,6.800000000000001e-05,1.8888888888888888,340,,,,,,,,,,,,,
0.2427,5.51153039932251,7e-05,1.9444444444444444,350,,,,,,,,,,,,,
0.2071,8.406201362609863,7.2e-05,2.0,360,,,,,,,,,,,,,
,,,2.0,360,0.3860417604446411,0.8606356968215159,0.8570631975241654,0.8743655931318991,0.8606356968215159,136.1977,6.006,0.382,,,,,
0.1569,0.10909555852413177,7.4e-05,2.0555555555555554,370,,,,,,,,,,,,,
0.1124,3.050920009613037,7.6e-05,2.111111111111111,380,,,,,,,,,,,,,
0.1074,0.9516268372535706,7.800000000000001e-05,2.1666666666666665,390,,,,,,,,,,,,,
0.2004,1.7048550844192505,8e-05,2.2222222222222223,400,,,,,,,,,,,,,
0.1882,0.8316145539283752,8.2e-05,2.2777777777777777,410,,,,,,,,,,,,,
0.2197,3.951129674911499,8.4e-05,2.3333333333333335,420,,,,,,,,,,,,,
0.1991,0.2940618693828583,8.6e-05,2.388888888888889,430,,,,,,,,,,,,,
0.1897,6.593785762786865,8.800000000000001e-05,2.4444444444444446,440,,,,,,,,,,,,,
0.0761,1.4750149250030518,9e-05,2.5,450,,,,,,,,,,,,,
0.0911,1.0433210134506226,9.200000000000001e-05,2.5555555555555554,460,,,,,,,,,,,,,
0.2547,0.14483268558979034,9.4e-05,2.611111111111111,470,,,,,,,,,,,,,
0.1985,4.432348728179932,9.6e-05,2.6666666666666665,480,,,,,,,,,,,,,
0.1699,7.472529411315918,9.8e-05,2.7222222222222223,490,,,,,,,,,,,,,
0.1863,7.129249572753906,0.0001,2.7777777777777777,500,,,,,,,,,,,,,
0.1949,1.239566445350647,9.985074626865672e-05,2.8333333333333335,510,,,,,,,,,,,,,
0.1645,3.494936466217041,9.970149253731344e-05,2.888888888888889,520,,,,,,,,,,,,,
0.2119,5.851856708526611,9.955223880597015e-05,2.9444444444444446,530,,,,,,,,,,,,,
0.1146,0.0480758473277092,9.940298507462687e-05,3.0,540,,,,,,,,,,,,,
,,,3.0,540,0.260288268327713,0.91320293398533,0.9130855458938346,0.9174050441141578,0.91320293398533,135.6606,6.03,0.383,,,,,
0.0903,2.1617956161499023,9.925373134328359e-05,3.0555555555555554,550,,,,,,,,,,,,,
0.0652,0.2676088511943817,9.91044776119403e-05,3.111111111111111,560,,,,,,,,,,,,,
0.0769,3.4708917140960693,9.895522388059701e-05,3.1666666666666665,570,,,,,,,,,,,,,
0.0635,0.17347070574760437,9.880597014925374e-05,3.2222222222222223,580,,,,,,,,,,,,,
0.0444,1.2491090297698975,9.865671641791045e-05,3.2777777777777777,590,,,,,,,,,,,,,
0.162,0.8961590528488159,9.850746268656717e-05,3.3333333333333335,600,,,,,,,,,,,,,
0.0915,1.0626307725906372,9.835820895522389e-05,3.388888888888889,610,,,,,,,,,,,,,
0.1757,3.6649281978607178,9.82089552238806e-05,3.4444444444444446,620,,,,,,,,,,,,,
0.1359,3.958118438720703,9.805970149253732e-05,3.5,630,,,,,,,,,,,,,
0.1719,0.9983852505683899,9.791044776119404e-05,3.5555555555555554,640,,,,,,,,,,,,,
0.1262,0.15840743482112885,9.776119402985075e-05,3.611111111111111,650,,,,,,,,,,,,,
0.0465,2.6835479736328125,9.761194029850747e-05,3.6666666666666665,660,,,,,,,,,,,,,
0.1439,0.20422306656837463,9.746268656716419e-05,3.7222222222222223,670,,,,,,,,,,,,,
0.1288,2.079287528991699,9.731343283582089e-05,3.7777777777777777,680,,,,,,,,,,,,,
0.2231,12.785441398620605,9.716417910447762e-05,3.8333333333333335,690,,,,,,,,,,,,,
0.127,2.4791722297668457,9.701492537313434e-05,3.888888888888889,700,,,,,,,,,,,,,
0.153,0.3930584788322449,9.686567164179104e-05,3.9444444444444446,710,,,,,,,,,,,,,
0.1121,0.016541291028261185,9.671641791044777e-05,4.0,720,,,,,,,,,,,,,
,,,4.0,720,0.44388413429260254,0.8887530562347188,0.8892053343235881,0.9017879951672244,0.8887530562347188,132.0085,6.197,0.394,,,,,
0.0904,0.25130966305732727,9.656716417910449e-05,4.055555555555555,730,,,,,,,,,,,,,
0.0784,2.1135261058807373,9.641791044776119e-05,4.111111111111111,740,,,,,,,,,,,,,
0.0782,4.99070405960083,9.626865671641792e-05,4.166666666666667,750,,,,,,,,,,,,,
0.1582,3.5632545948028564,9.611940298507464e-05,4.222222222222222,760,,,,,,,,,,,,,
0.0703,0.13142062723636627,9.597014925373134e-05,4.277777777777778,770,,,,,,,,,,,,,
0.0826,2.535183906555176,9.582089552238807e-05,4.333333333333333,780,,,,,,,,,,,,,
0.0704,0.289707213640213,9.567164179104479e-05,4.388888888888889,790,,,,,,,,,,,,,
0.2038,3.8721256256103516,9.552238805970149e-05,4.444444444444445,800,,,,,,,,,,,,,
0.0977,3.5998308658599854,9.537313432835822e-05,4.5,810,,,,,,,,,,,,,
0.1248,3.7917439937591553,9.522388059701492e-05,4.555555555555555,820,,,,,,,,,,,,,
0.0641,0.6992431879043579,9.507462686567164e-05,4.611111111111111,830,,,,,,,,,,,,,
0.0446,0.031737349927425385,9.492537313432837e-05,4.666666666666667,840,,,,,,,,,,,,,
0.0976,3.7782883644104004,9.477611940298507e-05,4.722222222222222,850,,,,,,,,,,,,,
0.0852,2.298421621322632,9.462686567164179e-05,4.777777777777778,860,,,,,,,,,,,,,
0.0343,0.670336127281189,9.447761194029852e-05,4.833333333333333,870,,,,,,,,,,,,,
0.1295,0.1855705976486206,9.432835820895522e-05,4.888888888888889,880,,,,,,,,,,,,,
0.0555,1.4945578575134277,9.417910447761194e-05,4.944444444444445,890,,,,,,,,,,,,,
0.1278,0.0047370134852826595,9.402985074626867e-05,5.0,900,,,,,,,,,,,,,
,,,5.0,900,0.3019554316997528,0.9058679706601467,0.9049983244486739,0.9082811018396831,0.9058679706601467,133.1892,6.142,0.39,,,,,
0.0521,0.19673794507980347,9.388059701492537e-05,5.055555555555555,910,,,,,,,,,,,,,
0.0363,1.4819210767745972,9.373134328358209e-05,5.111111111111111,920,,,,,,,,,,,,,
0.0258,0.1916809231042862,9.35820895522388e-05,5.166666666666667,930,,,,,,,,,,,,,
0.0227,0.00908913929015398,9.343283582089552e-05,5.222222222222222,940,,,,,,,,,,,,,
0.0208,0.02797236666083336,9.328358208955224e-05,5.277777777777778,950,,,,,,,,,,,,,
0.089,4.753510475158691,9.313432835820896e-05,5.333333333333333,960,,,,,,,,,,,,,
0.0752,0.010526658035814762,9.298507462686567e-05,5.388888888888889,970,,,,,,,,,,,,,
0.0288,0.4589720368385315,9.283582089552239e-05,5.444444444444445,980,,,,,,,,,,,,,
0.1081,3.7158429622650146,9.26865671641791e-05,5.5,990,,,,,,,,,,,,,
0.0243,0.011366736143827438,9.253731343283582e-05,5.555555555555555,1000,,,,,,,,,,,,,
0.1215,7.687370777130127,9.238805970149255e-05,5.611111111111111,1010,,,,,,,,,,,,,
0.1209,0.05028584972023964,9.223880597014926e-05,5.666666666666667,1020,,,,,,,,,,,,,
0.1149,0.279898464679718,9.208955223880597e-05,5.722222222222222,1030,,,,,,,,,,,,,
0.0576,2.7765603065490723,9.194029850746269e-05,5.777777777777778,1040,,,,,,,,,,,,,
0.1081,0.7186404466629028,9.17910447761194e-05,5.833333333333333,1050,,,,,,,,,,,,,
0.0893,0.0848131999373436,9.164179104477612e-05,5.888888888888889,1060,,,,,,,,,,,,,
0.0532,0.07396659255027771,9.149253731343284e-05,5.944444444444445,1070,,,,,,,,,,,,,
0.2004,0.2030188888311386,9.134328358208956e-05,6.0,1080,,,,,,,,,,,,,
,,,6.0,1080,0.3585187494754791,0.9083129584352079,0.9080758995300751,0.9114634925953827,0.9083129584352079,133.8097,6.113,0.389,,,,,
0.0636,1.003784418106079,9.119402985074627e-05,6.055555555555555,1090,,,,,,,,,,,,,
0.0385,0.37609758973121643,9.104477611940299e-05,6.111111111111111,1100,,,,,,,,,,,,,
0.045,5.4653143882751465,9.08955223880597e-05,6.166666666666667,1110,,,,,,,,,,,,,
0.0368,0.009776749648153782,9.074626865671642e-05,6.222222222222222,1120,,,,,,,,,,,,,
0.115,0.053400687873363495,9.059701492537314e-05,6.277777777777778,1130,,,,,,,,,,,,,
0.0672,0.06608833372592926,9.044776119402986e-05,6.333333333333333,1140,,,,,,,,,,,,,
0.05,0.6813974976539612,9.029850746268657e-05,6.388888888888889,1150,,,,,,,,,,,,,
0.0056,0.01966032013297081,9.014925373134329e-05,6.444444444444445,1160,,,,,,,,,,,,,
0.0452,0.4172973334789276,9e-05,6.5,1170,,,,,,,,,,,,,
0.1141,0.027370547875761986,8.985074626865672e-05,6.555555555555555,1180,,,,,,,,,,,,,
0.0226,0.10461386293172836,8.970149253731344e-05,6.611111111111111,1190,,,,,,,,,,,,,
0.0182,0.603863000869751,8.955223880597016e-05,6.666666666666667,1200,,,,,,,,,,,,,
0.1383,0.007755155675113201,8.940298507462687e-05,6.722222222222222,1210,,,,,,,,,,,,,
0.0208,0.012398541904985905,8.925373134328359e-05,6.777777777777778,1220,,,,,,,,,,,,,
0.0604,0.30240747332572937,8.91044776119403e-05,6.833333333333333,1230,,,,,,,,,,,,,
0.0489,0.011778639629483223,8.895522388059702e-05,6.888888888888889,1240,,,,,,,,,,,,,
0.0288,3.022730588912964,8.880597014925374e-05,6.944444444444445,1250,,,,,,,,,,,,,
0.0657,0.14064814150333405,8.865671641791046e-05,7.0,1260,,,,,,,,,,,,,
,,,7.0,1260,0.31293803453445435,0.9266503667481663,0.9267182906561304,0.928637762259894,0.9266503667481663,134.7744,6.069,0.386,,,,,
0.0135,0.0156004149466753,8.850746268656717e-05,7.055555555555555,1270,,,,,,,,,,,,,
0.0278,0.06093516945838928,8.835820895522389e-05,7.111111111111111,1280,,,,,,,,,,,,,
0.0079,0.00962443184107542,8.820895522388059e-05,7.166666666666667,1290,,,,,,,,,,,,,
0.0201,0.004658831749111414,8.805970149253732e-05,7.222222222222222,1300,,,,,,,,,,,,,
0.0673,0.003108529606834054,8.791044776119404e-05,7.277777777777778,1310,,,,,,,,,,,,,
0.038,0.05721186473965645,8.776119402985074e-05,7.333333333333333,1320,,,,,,,,,,,,,
0.0335,0.7043673992156982,8.761194029850747e-05,7.388888888888889,1330,,,,,,,,,,,,,
0.0292,1.425230860710144,8.746268656716419e-05,7.444444444444445,1340,,,,,,,,,,,,,
0.0329,0.024533230811357498,8.731343283582089e-05,7.5,1350,,,,,,,,,,,,,
0.1125,0.16434866189956665,8.716417910447762e-05,7.555555555555555,1360,,,,,,,,,,,,,
0.0018,0.008571162819862366,8.701492537313434e-05,7.611111111111111,1370,,,,,,,,,,,,,
0.0306,0.22183836996555328,8.686567164179104e-05,7.666666666666667,1380,,,,,,,,,,,,,
0.0575,0.09890349954366684,8.671641791044777e-05,7.722222222222222,1390,,,,,,,,,,,,,
0.095,0.004545338451862335,8.656716417910447e-05,7.777777777777778,1400,,,,,,,,,,,,,
0.0162,0.03160833939909935,8.641791044776119e-05,7.833333333333333,1410,,,,,,,,,,,,,
0.0532,0.06706728786230087,8.626865671641792e-05,7.888888888888889,1420,,,,,,,,,,,,,
0.0748,0.05000641942024231,8.611940298507462e-05,7.944444444444445,1430,,,,,,,,,,,,,
0.0477,0.00682941684499383,8.597014925373134e-05,8.0,1440,,,,,,,,,,,,,
,,,8.0,1440,0.3636467754840851,0.9266503667481663,0.9266695116485115,0.9306483759197962,0.9266503667481663,134.425,6.085,0.387,,,,,
0.0207,0.017449380829930305,8.582089552238807e-05,8.055555555555555,1450,,,,,,,,,,,,,
0.0446,0.007820059545338154,8.567164179104477e-05,8.11111111111111,1460,,,,,,,,,,,,,
0.0131,0.09224413335323334,8.552238805970149e-05,8.166666666666666,1470,,,,,,,,,,,,,
0.005,0.007797956466674805,8.537313432835822e-05,8.222222222222221,1480,,,,,,,,,,,,,
0.1011,0.012521816417574883,8.522388059701492e-05,8.277777777777779,1490,,,,,,,,,,,,,
0.0097,0.3111072778701782,8.507462686567164e-05,8.333333333333334,1500,,,,,,,,,,,,,
0.0736,0.01648283749818802,8.492537313432837e-05,8.38888888888889,1510,,,,,,,,,,,,,
0.0965,0.04160698875784874,8.477611940298507e-05,8.444444444444445,1520,,,,,,,,,,,,,
0.0507,0.2479064017534256,8.462686567164179e-05,8.5,1530,,,,,,,,,,,,,
0.0248,0.046109315007925034,8.447761194029851e-05,8.555555555555555,1540,,,,,,,,,,,,,
0.0283,0.33534735441207886,8.432835820895522e-05,8.61111111111111,1550,,,,,,,,,,,,,
0.0594,0.0383121632039547,8.417910447761194e-05,8.666666666666666,1560,,,,,,,,,,,,,
0.0095,0.05067206546664238,8.402985074626866e-05,8.722222222222221,1570,,,,,,,,,,,,,
0.0416,0.08524897694587708,8.388059701492537e-05,8.777777777777779,1580,,,,,,,,,,,,,
0.0472,1.3380248546600342,8.37313432835821e-05,8.833333333333334,1590,,,,,,,,,,,,,
0.096,0.24412408471107483,8.358208955223881e-05,8.88888888888889,1600,,,,,,,,,,,,,
0.0324,0.12634065747261047,8.343283582089552e-05,8.944444444444445,1610,,,,,,,,,,,,,
0.0598,0.010201618075370789,8.328358208955225e-05,9.0,1620,,,,,,,,,,,,,
,,,9.0,1620,0.39770740270614624,0.9144254278728606,0.9143282567324743,0.9190168858704116,0.9144254278728606,134.1,6.1,0.388,,,,,
0.0352,0.1380748152732849,8.313432835820896e-05,9.055555555555555,1630,,,,,,,,,,,,,
0.0241,0.015184920281171799,8.298507462686567e-05,9.11111111111111,1640,,,,,,,,,,,,,
0.0225,0.011962787248194218,8.283582089552239e-05,9.166666666666666,1650,,,,,,,,,,,,,
0.0619,0.003809674410149455,8.268656716417911e-05,9.222222222222221,1660,,,,,,,,,,,,,
0.0089,0.007514773402363062,8.253731343283582e-05,9.277777777777779,1670,,,,,,,,,,,,,
0.0019,0.005019412375986576,8.238805970149254e-05,9.333333333333334,1680,,,,,,,,,,,,,
0.031,0.0168863907456398,8.223880597014926e-05,9.38888888888889,1690,,,,,,,,,,,,,
0.0023,0.021925227716565132,8.208955223880597e-05,9.444444444444445,1700,,,,,,,,,,,,,
0.0431,0.1008634939789772,8.194029850746269e-05,9.5,1710,,,,,,,,,,,,,
0.0003,0.0055131870321929455,8.179104477611941e-05,9.555555555555555,1720,,,,,,,,,,,,,
0.0445,0.17709822952747345,8.164179104477612e-05,9.61111111111111,1730,,,,,,,,,,,,,
0.0043,0.004754618275910616,8.149253731343284e-05,9.666666666666666,1740,,,,,,,,,,,,,
0.0025,0.08950533717870712,8.134328358208956e-05,9.722222222222221,1750,,,,,,,,,,,,,
0.0701,1.3771204948425293,8.119402985074627e-05,9.777777777777779,1760,,,,,,,,,,,,,
0.0238,0.010411251336336136,8.104477611940299e-05,9.833333333333334,1770,,,,,,,,,,,,,
0.0099,0.020629452541470528,8.08955223880597e-05,9.88888888888889,1780,,,,,,,,,,,,,
0.034,0.04233358055353165,8.074626865671642e-05,9.944444444444445,1790,,,,,,,,,,,,,
0.0145,0.004074615426361561,8.059701492537314e-05,10.0,1800,,,,,,,,,,,,,
,,,10.0,1800,0.43293359875679016,0.9254278728606357,0.9252537358393288,0.9271289161594456,0.9254278728606357,132.4982,6.174,0.392,,,,,
0.0252,0.008208606392145157,8.044776119402986e-05,10.055555555555555,1810,,,,,,,,,,,,,
0.0029,0.01732955314218998,8.029850746268657e-05,10.11111111111111,1820,,,,,,,,,,,,,
0.0225,0.014989062212407589,8.014925373134329e-05,10.166666666666666,1830,,,,,,,,,,,,,
0.0638,0.008659029379487038,8e-05,10.222222222222221,1840,,,,,,,,,,,,,
0.0243,0.027687566354870796,7.985074626865672e-05,10.277777777777779,1850,,,,,,,,,,,,,
0.0079,0.3054381012916565,7.970149253731344e-05,10.333333333333334,1860,,,,,,,,,,,,,
0.044,0.017687642946839333,7.955223880597016e-05,10.38888888888889,1870,,,,,,,,,,,,,
0.0326,0.5630829334259033,7.940298507462687e-05,10.444444444444445,1880,,,,,,,,,,,,,
0.0284,0.12117951363325119,7.925373134328359e-05,10.5,1890,,,,,,,,,,,,,
0.0201,0.7291099429130554,7.910447761194029e-05,10.555555555555555,1900,,,,,,,,,,,,,
0.0092,0.0038729587104171515,7.895522388059702e-05,10.61111111111111,1910,,,,,,,,,,,,,
0.0822,0.23018833994865417,7.880597014925374e-05,10.666666666666666,1920,,,,,,,,,,,,,
0.0271,0.11796822398900986,7.865671641791044e-05,10.722222222222221,1930,,,,,,,,,,,,,
0.0958,0.9591667652130127,7.850746268656717e-05,10.777777777777779,1940,,,,,,,,,,,,,
0.0035,0.014053971506655216,7.835820895522389e-05,10.833333333333334,1950,,,,,,,,,,,,,
0.0696,0.014104760251939297,7.820895522388059e-05,10.88888888888889,1960,,,,,,,,,,,,,
0.0221,1.2330470085144043,7.805970149253732e-05,10.944444444444445,1970,,,,,,,,,,,,,
0.085,0.007093061693012714,7.791044776119404e-05,11.0,1980,,,,,,,,,,,,,
,,,11.0,1980,0.4380760192871094,0.9205378973105135,0.9206124214169022,0.9224936147474074,0.9205378973105135,135.4654,6.038,0.384,,,,,
0.0168,0.011591780930757523,7.776119402985074e-05,11.055555555555555,1990,,,,,,,,,,,,,
0.0213,0.029081953689455986,7.761194029850747e-05,11.11111111111111,2000,,,,,,,,,,,,,
0.0505,0.035869378596544266,7.746268656716418e-05,11.166666666666666,2010,,,,,,,,,,,,,
0.0643,0.9336262345314026,7.731343283582089e-05,11.222222222222221,2020,,,,,,,,,,,,,
0.0195,0.5268831849098206,7.716417910447762e-05,11.277777777777779,2030,,,,,,,,,,,,,
0.0416,0.5069676041603088,7.701492537313433e-05,11.333333333333334,2040,,,,,,,,,,,,,
0.0081,0.0048664407804608345,7.686567164179104e-05,11.38888888888889,2050,,,,,,,,,,,,,
0.0091,0.9314083456993103,7.671641791044777e-05,11.444444444444445,2060,,,,,,,,,,,,,
0.0324,0.013990344479680061,7.656716417910448e-05,11.5,2070,,,,,,,,,,,,,
0.0348,0.05196002498269081,7.641791044776119e-05,11.555555555555555,2080,,,,,,,,,,,,,
0.0328,0.009096753783524036,7.626865671641792e-05,11.61111111111111,2090,,,,,,,,,,,,,
0.0508,2.288774013519287,7.611940298507463e-05,11.666666666666666,2100,,,,,,,,,,,,,
0.0468,0.02919927053153515,7.597014925373134e-05,11.722222222222221,2110,,,,,,,,,,,,,
0.0226,0.00822925753891468,7.582089552238806e-05,11.777777777777779,2120,,,,,,,,,,,,,
0.0358,2.165736436843872,7.567164179104478e-05,11.833333333333334,2130,,,,,,,,,,,,,
0.0084,1.0559731721878052,7.55223880597015e-05,11.88888888888889,2140,,,,,,,,,,,,,
0.0004,0.022801605984568596,7.537313432835821e-05,11.944444444444445,2150,,,,,,,,,,,,,
0.0218,0.0008121012360788882,7.522388059701493e-05,12.0,2160,,,,,,,,,,,,,
,,,12.0,2160,0.5958775877952576,0.9046454767726161,0.9047439195112038,0.9089922865984594,0.9046454767726161,132.8488,6.157,0.391,,,,,
0.0192,0.669934868812561,7.507462686567166e-05,12.055555555555555,2170,,,,,,,,,,,,,
0.069,0.012845352292060852,7.492537313432836e-05,12.11111111111111,2180,,,,,,,,,,,,,
0.026,0.37633973360061646,7.477611940298508e-05,12.166666666666666,2190,,,,,,,,,,,,,
0.0732,0.020769858732819557,7.46268656716418e-05,12.222222222222221,2200,,,,,,,,,,,,,
0.0552,0.5451788902282715,7.447761194029851e-05,12.277777777777779,2210,,,,,,,,,,,,,
0.0047,0.6416770219802856,7.432835820895523e-05,12.333333333333334,2220,,,,,,,,,,,,,
0.0006,0.017989084124565125,7.417910447761196e-05,12.38888888888889,2230,,,,,,,,,,,,,
0.021,0.007011955138295889,7.402985074626866e-05,12.444444444444445,2240,,,,,,,,,,,,,
0.0391,0.0058205160312354565,7.388059701492537e-05,12.5,2250,,,,,,,,,,,,,
0.0086,0.045189958065748215,7.373134328358209e-05,12.555555555555555,2260,,,,,,,,,,,,,
0.0353,0.011971498839557171,7.358208955223881e-05,12.61111111111111,2270,,,,,,,,,,,,,
0.0229,0.0942433699965477,7.343283582089552e-05,12.666666666666666,2280,,,,,,,,,,,,,
0.0019,0.007230073679238558,7.328358208955224e-05,12.722222222222221,2290,,,,,,,,,,,,,
0.034,3.2311925888061523,7.313432835820896e-05,12.777777777777779,2300,,,,,,,,,,,,,
0.0019,0.011523943394422531,7.298507462686567e-05,12.833333333333334,2310,,,,,,,,,,,,,
0.0083,0.009404250420629978,7.283582089552239e-05,12.88888888888889,2320,,,,,,,,,,,,,
0.0154,0.1844886988401413,7.268656716417911e-05,12.944444444444445,2330,,,,,,,,,,,,,
0.0157,0.0024762083776295185,7.253731343283582e-05,13.0,2340,,,,,,,,,,,,,
,,,13.0,2340,0.45482137799263,0.9180929095354523,0.9179795563945355,0.9205256134849971,0.9180929095354523,131.7608,6.208,0.395,,,,,
0.0179,0.0060022128745913506,7.238805970149254e-05,13.055555555555555,2350,,,,,,,,,,,,,
0.0101,1.1787846088409424,7.223880597014926e-05,13.11111111111111,2360,,,,,,,,,,,,,
0.0018,0.0052016135305166245,7.208955223880597e-05,13.166666666666666,2370,,,,,,,,,,,,,
0.0231,0.0026349558029323816,7.194029850746269e-05,13.222222222222221,2380,,,,,,,,,,,,,
0.0091,0.0029108524322509766,7.179104477611941e-05,13.277777777777779,2390,,,,,,,,,,,,,
0.0225,17.084760665893555,7.164179104477612e-05,13.333333333333334,2400,,,,,,,,,,,,,
0.0192,0.009242541156709194,7.149253731343284e-05,13.38888888888889,2410,,,,,,,,,,,,,
0.0015,0.0020307835657149553,7.134328358208956e-05,13.444444444444445,2420,,,,,,,,,,,,,
0.004,0.0032760922331362963,7.119402985074627e-05,13.5,2430,,,,,,,,,,,,,
0.0051,1.36288321018219,7.104477611940299e-05,13.555555555555555,2440,,,,,,,,,,,,,
0.0435,1.0685311555862427,7.089552238805971e-05,13.61111111111111,2450,,,,,,,,,,,,,
0.0408,0.003541627898812294,7.074626865671642e-05,13.666666666666666,2460,,,,,,,,,,,,,
0.01,0.015917353332042694,7.059701492537314e-05,13.722222222222221,2470,,,,,,,,,,,,,
0.0229,0.0018023567972704768,7.044776119402984e-05,13.777777777777779,2480,,,,,,,,,,,,,
0.0219,1.0582664012908936,7.029850746268657e-05,13.833333333333334,2490,,,,,,,,,,,,,
0.0527,0.004334642551839352,7.014925373134329e-05,13.88888888888889,2500,,,,,,,,,,,,,
0.0068,0.002222339855507016,7e-05,13.944444444444445,2510,,,,,,,,,,,,,
0.013,0.0029473863542079926,6.985074626865672e-05,14.0,2520,,,,,,,,,,,,,
,,,14.0,2520,0.483882874250412,0.9205378973105135,0.9207655444122941,0.9246304485184641,0.9205378973105135,132.1975,6.188,0.393,,,,,
0.0104,0.006738616153597832,6.970149253731344e-05,14.055555555555555,2530,,,,,,,,,,,,,
0.005,0.014398269355297089,6.955223880597014e-05,14.11111111111111,2540,,,,,,,,,,,,,
0.0002,0.022157181054353714,6.940298507462687e-05,14.166666666666666,2550,,,,,,,,,,,,,
0.0074,0.0025196215137839317,6.925373134328359e-05,14.222222222222221,2560,,,,,,,,,,,,,
0.02,0.0014879620866850019,6.91044776119403e-05,14.277777777777779,2570,,,,,,,,,,,,,
0.048,0.0015445705503225327,6.895522388059702e-05,14.333333333333334,2580,,,,,,,,,,,,,
0.007,0.0009730128804221749,6.880597014925374e-05,14.38888888888889,2590,,,,,,,,,,,,,
0.0174,0.002544906223192811,6.865671641791044e-05,14.444444444444445,2600,,,,,,,,,,,,,
0.0187,0.08660931885242462,6.850746268656717e-05,14.5,2610,,,,,,,,,,,,,
0.0392,0.0014084293507039547,6.835820895522388e-05,14.555555555555555,2620,,,,,,,,,,,,,
0.0001,0.0016926741227507591,6.82089552238806e-05,14.61111111111111,2630,,,,,,,,,,,,,
0.0001,0.006059697363525629,6.805970149253732e-05,14.666666666666666,2640,,,,,,,,,,,,,
0.0221,0.008140870369970798,6.791044776119403e-05,14.722222222222221,2650,,,,,,,,,,,,,
0.006,0.002832961967214942,6.776119402985074e-05,14.777777777777779,2660,,,,,,,,,,,,,
0.0137,0.008347510360181332,6.761194029850747e-05,14.833333333333334,2670,,,,,,,,,,,,,
0.0198,0.005144870840013027,6.746268656716418e-05,14.88888888888889,2680,,,,,,,,,,,,,
0.0002,0.001621971488930285,6.73134328358209e-05,14.944444444444445,2690,,,,,,,,,,,,,
0.0064,0.003129978897050023,6.716417910447762e-05,15.0,2700,,,,,,,,,,,,,
,,,15.0,2700,0.4945194721221924,0.91320293398533,0.9131232349815461,0.9147004386227138,0.91320293398533,133.0743,6.147,0.391,,,,,
0.0056,0.001521137310191989,6.701492537313433e-05,15.055555555555555,2710,,,,,,,,,,,,,
0.007,0.004069517832249403,6.686567164179106e-05,15.11111111111111,2720,,,,,,,,,,,,,
0.0523,0.8937773108482361,6.671641791044776e-05,15.166666666666666,2730,,,,,,,,,,,,,
0.0122,0.0036243125796318054,6.656716417910448e-05,15.222222222222221,2740,,,,,,,,,,,,,
0.0202,0.011957209557294846,6.64179104477612e-05,15.277777777777779,2750,,,,,,,,,,,,,
0.0106,0.0035566959995776415,6.626865671641791e-05,15.333333333333334,2760,,,,,,,,,,,,,
0.0118,0.004825441632419825,6.611940298507463e-05,15.38888888888889,2770,,,,,,,,,,,,,
0.0164,0.0014693840639665723,6.597014925373136e-05,15.444444444444445,2780,,,,,,,,,,,,,
0.0031,0.0021821896079927683,6.582089552238806e-05,15.5,2790,,,,,,,,,,,,,
0.0059,0.004121334291994572,6.567164179104478e-05,15.555555555555555,2800,,,,,,,,,,,,,
0.0001,0.0028935272712260485,6.55223880597015e-05,15.61111111111111,2810,,,,,,,,,,,,,
0.0076,0.8664312958717346,6.537313432835821e-05,15.666666666666666,2820,,,,,,,,,,,,,
0.0001,0.004744578152894974,6.522388059701493e-05,15.722222222222221,2830,,,,,,,,,,,,,
0.0091,0.0025131311267614365,6.507462686567164e-05,15.777777777777779,2840,,,,,,,,,,,,,
0.0036,0.001019263407215476,6.492537313432836e-05,15.833333333333334,2850,,,,,,,,,,,,,
0.0001,0.0012275512563064694,6.477611940298508e-05,15.88888888888889,2860,,,,,,,,,,,,,
0.0648,0.0010554511100053787,6.462686567164179e-05,15.944444444444445,2870,,,,,,,,,,,,,
0.0154,0.0021312942262738943,6.447761194029851e-05,16.0,2880,,,,,,,,,,,,,
,,,16.0,2880,0.4865882992744446,0.9180929095354523,0.9179299657148068,0.9202583861300261,0.9180929095354523,132.1621,6.189,0.393,,,,,
0.0105,0.003525870619341731,6.432835820895523e-05,16.055555555555557,2890,,,,,,,,,,,,,
0.02,0.0011315790470689535,6.417910447761194e-05,16.11111111111111,2900,,,,,,,,,,,,,
0.0036,0.001223676954396069,6.402985074626866e-05,16.166666666666668,2910,,,,,,,,,,,,,
0.0105,0.2910817861557007,6.388059701492538e-05,16.22222222222222,2920,,,,,,,,,,,,,
0.0201,1.0059669017791748,6.373134328358209e-05,16.27777777777778,2930,,,,,,,,,,,,,
0.0027,0.026221128180623055,6.358208955223881e-05,16.333333333333332,2940,,,,,,,,,,,,,
0.02,0.012487741187214851,6.343283582089553e-05,16.38888888888889,2950,,,,,,,,,,,,,
0.0035,0.0008174205431714654,6.328358208955224e-05,16.444444444444443,2960,,,,,,,,,,,,,
0.0066,0.0013345303013920784,6.313432835820896e-05,16.5,2970,,,,,,,,,,,,,
0.0001,0.0018382344860583544,6.298507462686568e-05,16.555555555555557,2980,,,,,,,,,,,,,
0.0146,0.0013837539590895176,6.283582089552239e-05,16.61111111111111,2990,,,,,,,,,,,,,
0.0044,0.0023366427049040794,6.268656716417911e-05,16.666666666666668,3000,,,,,,,,,,,,,
0.0301,0.0013354041147977114,6.253731343283583e-05,16.72222222222222,3010,,,,,,,,,,,,,
0.0161,0.7096821069717407,6.238805970149254e-05,16.77777777777778,3020,,,,,,,,,,,,,
0.0044,0.6976278424263,6.223880597014926e-05,16.833333333333332,3030,,,,,,,,,,,,,
0.0321,1.4957669973373413,6.208955223880598e-05,16.88888888888889,3040,,,,,,,,,,,,,
0.0137,0.7307921051979065,6.194029850746269e-05,16.944444444444443,3050,,,,,,,,,,,,,
0.0001,0.0008321398054249585,6.179104477611941e-05,17.0,3060,,,,,,,,,,,,,
,,,17.0,3060,0.46251043677330017,0.9266503667481663,0.9267355623502518,0.9278147244762198,0.9266503667481663,133.8287,6.112,0.389,,,,,
0.0043,0.0008014473714865744,6.164179104477613e-05,17.055555555555557,3070,,,,,,,,,,,,,
0.0251,0.0012971119722351432,6.149253731343284e-05,17.11111111111111,3080,,,,,,,,,,,,,
0.0055,0.0025442021433264017,6.134328358208955e-05,17.166666666666668,3090,,,,,,,,,,,,,
0.0238,0.0016439153114333749,6.119402985074628e-05,17.22222222222222,3100,,,,,,,,,,,,,
0.0169,0.00497774500399828,6.104477611940299e-05,17.27777777777778,3110,,,,,,,,,,,,,
0.0119,0.003696485422551632,6.08955223880597e-05,17.333333333333332,3120,,,,,,,,,,,,,
0.0095,0.0012296545319259167,6.074626865671642e-05,17.38888888888889,3130,,,,,,,,,,,,,
0.008,0.6271650195121765,6.059701492537314e-05,17.444444444444443,3140,,,,,,,,,,,,,
0.0109,0.0020865260157734156,6.044776119402985e-05,17.5,3150,,,,,,,,,,,,,
0.0062,0.004700838588178158,6.029850746268657e-05,17.555555555555557,3160,,,,,,,,,,,,,
0.0139,0.0006565081421285868,6.014925373134329e-05,17.61111111111111,3170,,,,,,,,,,,,,
0.0232,1.2357772588729858,6e-05,17.666666666666668,3180,,,,,,,,,,,,,
0.0027,0.0016770188231021166,5.985074626865672e-05,17.72222222222222,3190,,,,,,,,,,,,,
0.0173,0.8393998742103577,5.970149253731343e-05,17.77777777777778,3200,,,,,,,,,,,,,
0.004,0.001545496634207666,5.955223880597015e-05,17.833333333333332,3210,,,,,,,,,,,,,
0.0002,0.0019409782253205776,5.940298507462687e-05,17.88888888888889,3220,,,,,,,,,,,,,
0.0328,0.0015130360843613744,5.925373134328358e-05,17.944444444444443,3230,,,,,,,,,,,,,
0.0001,0.0016128167044371367,5.91044776119403e-05,18.0,3240,,,,,,,,,,,,,
,,,18.0,3240,0.48837947845458984,0.9205378973105135,0.920629434133856,0.9227846257464237,0.9205378973105135,133.1125,6.145,0.391,,,,,
0.0053,0.000582336273510009,5.8955223880597025e-05,18.055555555555557,3250,,,,,,,,,,,,,
0.0047,0.0007157865329645574,5.880597014925373e-05,18.11111111111111,3260,,,,,,,,,,,,,
0.0059,0.0008970482740551233,5.865671641791045e-05,18.166666666666668,3270,,,,,,,,,,,,,
0.0097,1.4918235540390015,5.8507462686567175e-05,18.22222222222222,3280,,,,,,,,,,,,,
0.0084,0.7019970417022705,5.835820895522388e-05,18.27777777777778,3290,,,,,,,,,,,,,
0.0137,0.7981780767440796,5.82089552238806e-05,18.333333333333332,3300,,,,,,,,,,,,,
0.0097,0.003452935256063938,5.8059701492537325e-05,18.38888888888889,3310,,,,,,,,,,,,,
0.0183,0.0009451903169974685,5.7910447761194034e-05,18.444444444444443,3320,,,,,,,,,,,,,
0.0171,0.7726360559463501,5.776119402985075e-05,18.5,3330,,,,,,,,,,,,,
0.0189,0.0011919863754883409,5.761194029850746e-05,18.555555555555557,3340,,,,,,,,,,,,,
0.0001,0.0007483689114451408,5.7462686567164184e-05,18.61111111111111,3350,,,,,,,,,,,,,
0.0065,0.0027292724698781967,5.73134328358209e-05,18.666666666666668,3360,,,,,,,,,,,,,
0.0135,0.7203181982040405,5.716417910447761e-05,18.72222222222222,3370,,,,,,,,,,,,,
0.0147,0.001104189082980156,5.7014925373134334e-05,18.77777777777778,3380,,,,,,,,,,,,,
0.0109,0.0007598173106089234,5.686567164179105e-05,18.833333333333332,3390,,,,,,,,,,,,,
0.0117,0.0007329404470510781,5.671641791044776e-05,18.88888888888889,3400,,,,,,,,,,,,,
0.0276,0.9671096801757812,5.6567164179104484e-05,18.944444444444443,3410,,,,,,,,,,,,,
0.0096,0.0003718267544172704,5.64179104477612e-05,19.0,3420,,,,,,,,,,,,,
,,,19.0,3420,0.48789167404174805,0.9205378973105135,0.9205821733368327,0.9238785735614449,0.9205378973105135,133.6464,6.121,0.389,,,,,
0.0119,0.002118977252393961,5.626865671641791e-05,19.055555555555557,3430,,,,,,,,,,,,,
0.0164,0.0013021818595007062,5.6119402985074634e-05,19.11111111111111,3440,,,,,,,,,,,,,
0.0045,0.046657491475343704,5.5970149253731344e-05,19.166666666666668,3450,,,,,,,,,,,,,
0.0176,0.0009380986448377371,5.582089552238806e-05,19.22222222222222,3460,,,,,,,,,,,,,
0.0001,0.0031911670230329037,5.5671641791044784e-05,19.27777777777778,3470,,,,,,,,,,,,,
0.0197,0.0007370157400146127,5.5522388059701494e-05,19.333333333333332,3480,,,,,,,,,,,,,
0.0148,0.0029703753534704447,5.537313432835821e-05,19.38888888888889,3490,,,,,,,,,,,,,
0.0001,0.0033579228911548853,5.5223880597014934e-05,19.444444444444443,3500,,,,,,,,,,,,,
0.0244,0.0019441806944087148,5.5074626865671644e-05,19.5,3510,,,,,,,,,,,,,
0.0095,0.0007138873916119337,5.492537313432836e-05,19.555555555555557,3520,,,,,,,,,,,,,
0.0114,0.6798297762870789,5.4776119402985084e-05,19.61111111111111,3530,,,,,,,,,,,,,
0.0001,0.000853021047078073,5.4626865671641794e-05,19.666666666666668,3540,,,,,,,,,,,,,
0.0161,0.0005541035789065063,5.447761194029851e-05,19.72222222222222,3550,,,,,,,,,,,,,
0.0139,0.7229354977607727,5.432835820895522e-05,19.77777777777778,3560,,,,,,,,,,,,,
0.0129,0.0009583589271642268,5.4179104477611943e-05,19.833333333333332,3570,,,,,,,,,,,,,
0.0123,0.0016398669686168432,5.402985074626866e-05,19.88888888888889,3580,,,,,,,,,,,,,
0.0146,0.0012044803006574512,5.388059701492537e-05,19.944444444444443,3590,,,,,,,,,,,,,
0.0041,0.0008836120832711458,5.373134328358209e-05,20.0,3600,,,,,,,,,,,,,
,,,20.0,3600,0.4968264102935791,0.9229828850855746,0.9230091681827335,0.925682064108445,0.9229828850855746,133.7007,6.118,0.389,,,,,
0.01,0.0006398837431333959,5.358208955223881e-05,20.055555555555557,3610,,,,,,,,,,,,,
0.0242,0.9263113737106323,5.343283582089552e-05,20.11111111111111,3620,,,,,,,,,,,,,
0.0084,0.0008927813614718616,5.328358208955224e-05,20.166666666666668,3630,,,,,,,,,,,,,
0.0072,0.9806955456733704,5.313432835820896e-05,20.22222222222222,3640,,,,,,,,,,,,,
0.0107,0.0010059695923700929,5.298507462686567e-05,20.27777777777778,3650,,,,,,,,,,,,,
0.0092,0.0015554481651633978,5.283582089552239e-05,20.333333333333332,3660,,,,,,,,,,,,,
0.0,0.000985572929494083,5.268656716417911e-05,20.38888888888889,3670,,,,,,,,,,,,,
0.0083,0.618378221988678,5.253731343283582e-05,20.444444444444443,3680,,,,,,,,,,,,,
0.0129,0.0007053926819935441,5.238805970149254e-05,20.5,3690,,,,,,,,,,,,,
0.022,0.8528306484222412,5.223880597014925e-05,20.555555555555557,3700,,,,,,,,,,,,,
0.0,0.0005912036867812276,5.208955223880597e-05,20.61111111111111,3710,,,,,,,,,,,,,
0.0,0.0005705638322979212,5.194029850746269e-05,20.666666666666668,3720,,,,,,,,,,,,,
0.0067,0.0008868468576110899,5.17910447761194e-05,20.72222222222222,3730,,,,,,,,,,,,,
0.0186,0.0006573558202944696,5.164179104477612e-05,20.77777777777778,3740,,,,,,,,,,,,,
0.0171,0.002627370646223426,5.149253731343284e-05,20.833333333333332,3750,,,,,,,,,,,,,
0.0155,0.7371379733085632,5.134328358208955e-05,20.88888888888889,3760,,,,,,,,,,,,,
0.0124,0.0007817850564606488,5.119402985074627e-05,20.944444444444443,3770,,,,,,,,,,,,,
0.0204,0.0004806394863408059,5.104477611940299e-05,21.0,3780,,,,,,,,,,,,,
,,,21.0,3780,0.48227807879447937,0.9266503667481663,0.9266883558386538,0.9281898191614425,0.9266503667481663,133.7303,6.117,0.389,,,,,
0.011,0.0008721342892386019,5.08955223880597e-05,21.055555555555557,3790,,,,,,,,,,,,,
0.005,0.001006764592602849,5.074626865671642e-05,21.11111111111111,3800,,,,,,,,,,,,,
0.0083,0.0003532172122504562,5.059701492537313e-05,21.166666666666668,3810,,,,,,,,,,,,,
0.0161,0.6004918217658997,5.044776119402985e-05,21.22222222222222,3820,,,,,,,,,,,,,
0.0049,0.0013474143343046308,5.0298507462686576e-05,21.27777777777778,3830,,,,,,,,,,,,,
0.0061,0.0005274529103189707,5.014925373134328e-05,21.333333333333332,3840,,,,,,,,,,,,,
0.0053,0.000906857312656939,5e-05,21.38888888888889,3850,,,,,,,,,,,,,
0.0094,1.046223759651184,4.985074626865672e-05,21.444444444444443,3860,,,,,,,,,,,,,
0.0046,0.0004766831989400089,4.9701492537313436e-05,21.5,3870,,,,,,,,,,,,,
0.0168,0.8359959721565247,4.955223880597015e-05,21.555555555555557,3880,,,,,,,,,,,,,
0.0172,0.0013019562466070056,4.940298507462687e-05,21.61111111111111,3890,,,,,,,,,,,,,
0.0074,0.0012346586445346475,4.9253731343283586e-05,21.666666666666668,3900,,,,,,,,,,,,,
0.0106,0.00048152482486329973,4.91044776119403e-05,21.72222222222222,3910,,,,,,,,,,,,,
0.0209,0.4327932894229889,4.895522388059702e-05,21.77777777777778,3920,,,,,,,,,,,,,
0.0169,0.0007529911817982793,4.8805970149253735e-05,21.833333333333332,3930,,,,,,,,,,,,,
0.0139,0.8302852511405945,4.8656716417910445e-05,21.88888888888889,3940,,,,,,,,,,,,,
0.0066,0.0007257717079482973,4.850746268656717e-05,21.944444444444443,3950,,,,,,,,,,,,,
0.0099,0.0003150941338390112,4.8358208955223885e-05,22.0,3960,,,,,,,,,,,,,
,,,22.0,3960,0.5146514177322388,0.9254278728606357,0.9253791585836826,0.9273720066475218,0.9254278728606357,133.1346,6.144,0.391,,,,,
0.0,0.0012285896809771657,4.8208955223880595e-05,22.055555555555557,3970,,,,,,,,,,,,,
0.0283,0.809735894203186,4.805970149253732e-05,22.11111111111111,3980,,,,,,,,,,,,,
0.0037,0.0003548172244336456,4.7910447761194035e-05,22.166666666666668,3990,,,,,,,,,,,,,
0.0289,0.010853656567633152,4.7761194029850745e-05,22.22222222222222,4000,,,,,,,,,,,,,
0.0091,0.005405412521213293,4.761194029850746e-05,22.27777777777778,4010,,,,,,,,,,,,,
0.0,0.002408156404271722,4.7462686567164185e-05,22.333333333333332,4020,,,,,,,,,,,,,
0.0001,0.001495980890467763,4.7313432835820895e-05,22.38888888888889,4030,,,,,,,,,,,,,
0.0125,0.0013916646130383015,4.716417910447761e-05,22.444444444444443,4040,,,,,,,,,,,,,
0.0,0.0017385780811309814,4.7014925373134335e-05,22.5,4050,,,,,,,,,,,,,
0.0044,0.0005191926029510796,4.6865671641791045e-05,22.555555555555557,4060,,,,,,,,,,,,,
0.0084,0.000587930204346776,4.671641791044776e-05,22.61111111111111,4070,,,,,,,,,,,,,
0.0,0.0008400791557505727,4.656716417910448e-05,22.666666666666668,4080,,,,,,,,,,,,,
0.024,0.21589884161949158,4.6417910447761195e-05,22.72222222222222,4090,,,,,,,,,,,,,
0.0,0.0016932099824771285,4.626865671641791e-05,22.77777777777778,4100,,,,,,,,,,,,,
0.0227,0.0006113573326729238,4.611940298507463e-05,22.833333333333332,4110,,,,,,,,,,,,,
0.009,0.001347543322481215,4.5970149253731345e-05,22.88888888888889,4120,,,,,,,,,,,,,
0.0273,0.0005039654788561165,4.582089552238806e-05,22.944444444444443,4130,,,,,,,,,,,,,
0.0186,0.00048083101864904165,4.567164179104478e-05,23.0,4140,,,,,,,,,,,,,
,,,23.0,4140,0.49499332904815674,0.9180929095354523,0.9181181322838173,0.9206012412099703,0.9180929095354523,134.4417,6.084,0.387,,,,,
0.0133,0.0017140480922535062,4.5522388059701495e-05,23.055555555555557,4150,,,,,,,,,,,,,
0.0047,0.057097963988780975,4.537313432835821e-05,23.11111111111111,4160,,,,,,,,,,,,,
0.0139,0.000518414715770632,4.522388059701493e-05,23.166666666666668,4170,,,,,,,,,,,,,
0.0001,0.010575316846370697,4.5074626865671645e-05,23.22222222222222,4180,,,,,,,,,,,,,
0.0134,0.0010108922142535448,4.492537313432836e-05,23.27777777777778,4190,,,,,,,,,,,,,
0.0256,0.7574199438095093,4.477611940298508e-05,23.333333333333332,4200,,,,,,,,,,,,,
0.0046,0.001424054498784244,4.4626865671641794e-05,23.38888888888889,4210,,,,,,,,,,,,,
0.0054,0.003645513206720352,4.447761194029851e-05,23.444444444444443,4220,,,,,,,,,,,,,
0.0062,0.0006795102381147444,4.432835820895523e-05,23.5,4230,,,,,,,,,,,,,
0.0001,0.0008690747199580073,4.4179104477611944e-05,23.555555555555557,4240,,,,,,,,,,,,,
0.0136,0.0016568179707974195,4.402985074626866e-05,23.61111111111111,4250,,,,,,,,,,,,,
0.0069,0.0006942121544852853,4.388059701492537e-05,23.666666666666668,4260,,,,,,,,,,,,,
0.0458,0.001331796869635582,4.3731343283582094e-05,23.72222222222222,4270,,,,,,,,,,,,,
0.0036,0.0004346537170931697,4.358208955223881e-05,23.77777777777778,4280,,,,,,,,,,,,,
0.0137,0.001070187776349485,4.343283582089552e-05,23.833333333333332,4290,,,,,,,,,,,,,
0.0094,0.0005632664542645216,4.328358208955224e-05,23.88888888888889,4300,,,,,,,,,,,,,
0.0146,0.0015850820345804095,4.313432835820896e-05,23.944444444444443,4310,,,,,,,,,,,,,
0.0053,0.00036858717794530094,4.298507462686567e-05,24.0,4320,,,,,,,,,,,,,
,,,24.0,4320,0.5008283257484436,0.9229828850855746,0.9230169489941423,0.924928208623105,0.9229828850855746,133.2848,6.137,0.39,,,,,
0.0092,0.6978501081466675,4.283582089552239e-05,24.055555555555557,4330,,,,,,,,,,,,,
0.0,0.0010776864364743233,4.268656716417911e-05,24.11111111111111,4340,,,,,,,,,,,,,
0.008,0.620744526386261,4.253731343283582e-05,24.166666666666668,4350,,,,,,,,,,,,,
0.0095,0.000927132903598249,4.238805970149254e-05,24.22222222222222,4360,,,,,,,,,,,,,
0.0113,0.0006495528505183756,4.2238805970149254e-05,24.27777777777778,4370,,,,,,,,,,,,,
0.0128,0.6881452202796936,4.208955223880597e-05,24.333333333333332,4380,,,,,,,,,,,,,
0.0135,1.4394935369491577,4.194029850746269e-05,24.38888888888889,4390,,,,,,,,,,,,,
0.0,0.00037692266050726175,4.1791044776119404e-05,24.444444444444443,4400,,,,,,,,,,,,,
0.026,0.0012119734892621636,4.164179104477613e-05,24.5,4410,,,,,,,,,,,,,
0.0094,0.0025153644382953644,4.149253731343284e-05,24.555555555555557,4420,,,,,,,,,,,,,
0.0148,0.23516863584518433,4.1343283582089554e-05,24.61111111111111,4430,,,,,,,,,,,,,
0.0094,0.7221687436103821,4.119402985074627e-05,24.666666666666668,4440,,,,,,,,,,,,,
0.0257,0.8062571883201599,4.104477611940299e-05,24.72222222222222,4450,,,,,,,,,,,,,
0.0049,0.00039131325320340693,4.0895522388059703e-05,24.77777777777778,4460,,,,,,,,,,,,,
0.007,0.0008030933095142245,4.074626865671642e-05,24.833333333333332,4470,,,,,,,,,,,,,
0.0126,0.0008446380379609764,4.059701492537314e-05,24.88888888888889,4480,,,,,,,,,,,,,
0.0101,0.0006898883148096502,4.044776119402985e-05,24.944444444444443,4490,,,,,,,,,,,,,
0.0049,0.0005252637201920152,4.029850746268657e-05,25.0,4500,,,,,,,,,,,,,
,,,25.0,4500,0.5068870782852173,0.9180929095354523,0.9182094952487903,0.9204174340980648,0.9180929095354523,133.3248,6.135,0.39,,,,,
0.0047,0.7452462315559387,4.014925373134329e-05,25.055555555555557,4510,,,,,,,,,,,,,
0.0042,0.6763182878494263,4e-05,25.11111111111111,4520,,,,,,,,,,,,,
0.0139,0.7155176401138306,3.985074626865672e-05,25.166666666666668,4530,,,,,,,,,,,,,
0.0131,0.0004896477912552655,3.9701492537313437e-05,25.22222222222222,4540,,,,,,,,,,,,,
0.0115,0.0003935176064260304,3.9552238805970146e-05,25.27777777777778,4550,,,,,,,,,,,,,
0.0079,0.00033351065940223634,3.940298507462687e-05,25.333333333333332,4560,,,,,,,,,,,,,
0.0136,0.0007422667113132775,3.9253731343283586e-05,25.38888888888889,4570,,,,,,,,,,,,,
0.0092,0.0007214662618935108,3.9104477611940296e-05,25.444444444444443,4580,,,,,,,,,,,,,
0.0074,0.0010010632686316967,3.895522388059702e-05,25.5,4590,,,,,,,,,,,,,
0.0089,0.0005069855251349509,3.8805970149253736e-05,25.555555555555557,4600,,,,,,,,,,,,,
0.0096,0.7142269611358643,3.8656716417910446e-05,25.61111111111111,4610,,,,,,,,,,,,,
0.0136,0.0006139845936559141,3.850746268656716e-05,25.666666666666668,4620,,,,,,,,,,,,,
0.0143,0.0007178367231972516,3.8358208955223886e-05,25.72222222222222,4630,,,,,,,,,,,,,
0.0065,0.0007815804565325379,3.8208955223880596e-05,25.77777777777778,4640,,,,,,,,,,,,,
0.0165,0.8861085176467896,3.805970149253731e-05,25.833333333333332,4650,,,,,,,,,,,,,
0.0042,0.7089015245437622,3.791044776119403e-05,25.88888888888889,4660,,,,,,,,,,,,,
0.0237,0.0013694653753191233,3.776119402985075e-05,25.944444444444443,4670,,,,,,,,,,,,,
0.0097,0.0005232863477431238,3.761194029850746e-05,26.0,4680,,,,,,,,,,,,,
,,,26.0,4680,0.5177385807037354,0.9168704156479217,0.916900901239189,0.9193184089716188,0.9168704156479217,131.7216,6.21,0.395,,,,,
0.0229,0.7090105414390564,3.746268656716418e-05,26.055555555555557,4690,,,,,,,,,,,,,
0.0142,0.7353835701942444,3.73134328358209e-05,26.11111111111111,4700,,,,,,,,,,,,,
0.0102,0.000731630832888186,3.716417910447761e-05,26.166666666666668,4710,,,,,,,,,,,,,
0.0286,0.0012749729212373495,3.701492537313433e-05,26.22222222222222,4720,,,,,,,,,,,,,
0.0034,0.0016338226851075888,3.6865671641791046e-05,26.27777777777778,4730,,,,,,,,,,,,,
0.0116,0.005493528209626675,3.671641791044776e-05,26.333333333333332,4740,,,,,,,,,,,,,
0.009,0.1385110318660736,3.656716417910448e-05,26.38888888888889,4750,,,,,,,,,,,,,
0.0078,0.0003807271714322269,3.6417910447761196e-05,26.444444444444443,4760,,,,,,,,,,,,,
0.005,0.0004783034382853657,3.626865671641791e-05,26.5,4770,,,,,,,,,,,,,
0.0086,0.0007996023632586002,3.611940298507463e-05,26.555555555555557,4780,,,,,,,,,,,,,
0.0105,0.0003291472385171801,3.5970149253731346e-05,26.61111111111111,4790,,,,,,,,,,,,,
0.0046,0.0004971235175617039,3.582089552238806e-05,26.666666666666668,4800,,,,,,,,,,,,,
0.0046,0.0004607050505001098,3.567164179104478e-05,26.72222222222222,4810,,,,,,,,,,,,,
0.0093,0.0003403786395210773,3.5522388059701495e-05,26.77777777777778,4820,,,,,,,,,,,,,
0.0118,0.00047405564691871405,3.537313432835821e-05,26.833333333333332,4830,,,,,,,,,,,,,
0.0035,0.0004031658172607422,3.522388059701492e-05,26.88888888888889,4840,,,,,,,,,,,,,
0.0088,0.7163418531417847,3.5074626865671645e-05,26.944444444444443,4850,,,,,,,,,,,,,
0.0,0.0010770490625873208,3.492537313432836e-05,27.0,4860,,,,,,,,,,,,,
,,,27.0,4860,0.5615249872207642,0.9205378973105135,0.9205407050623627,0.9235364896322096,0.9205378973105135,134.473,6.083,0.387,,,,,
0.0035,0.001590645988471806,3.477611940298507e-05,27.055555555555557,4870,,,,,,,,,,,,,
0.0,0.0004937698249705136,3.4626865671641795e-05,27.11111111111111,4880,,,,,,,,,,,,,
0.0137,0.0006519567687064409,3.447761194029851e-05,27.166666666666668,4890,,,,,,,,,,,,,
0.0036,0.00043944999924860895,3.432835820895522e-05,27.22222222222222,4900,,,,,,,,,,,,,
0.0127,0.00040194395114667714,3.417910447761194e-05,27.27777777777778,4910,,,,,,,,,,,,,
0.0038,0.0012161295162513852,3.402985074626866e-05,27.333333333333332,4920,,,,,,,,,,,,,
0.0,0.00043388165067881346,3.388059701492537e-05,27.38888888888889,4930,,,,,,,,,,,,,
0.0238,0.0005374536849558353,3.373134328358209e-05,27.444444444444443,4940,,,,,,,,,,,,,
0.0043,0.0002986141189467162,3.358208955223881e-05,27.5,4950,,,,,,,,,,,,,
0.0037,0.0008138174889609218,3.343283582089553e-05,27.555555555555557,4960,,,,,,,,,,,,,
0.0184,0.8115174770355225,3.328358208955224e-05,27.61111111111111,4970,,,,,,,,,,,,,
0.0107,0.0009387953905388713,3.3134328358208955e-05,27.666666666666668,4980,,,,,,,,,,,,,
0.0056,0.0004939952632412314,3.298507462686568e-05,27.72222222222222,4990,,,,,,,,,,,,,
0.0069,0.001704527996480465,3.283582089552239e-05,27.77777777777778,5000,,,,,,,,,,,,,
0.0172,0.0009811860509216785,3.2686567164179105e-05,27.833333333333332,5010,,,,,,,,,,,,,
0.0143,0.0005606618360616267,3.253731343283582e-05,27.88888888888889,5020,,,,,,,,,,,,,
0.0187,0.0003567301027942449,3.238805970149254e-05,27.944444444444443,5030,,,,,,,,,,,,,
0.0142,0.00027400898397900164,3.2238805970149255e-05,28.0,5040,,,,,,,,,,,,,
,,,28.0,5040,0.5308147668838501,0.9266503667481663,0.9267090135188846,0.9275111514998665,0.9266503667481663,133.1779,6.142,0.39,,,,,
0.014,0.0003953321138396859,3.208955223880597e-05,28.055555555555557,5050,,,,,,,,,,,,,
0.0087,0.0004634847864508629,3.194029850746269e-05,28.11111111111111,5060,,,,,,,,,,,,,
0.0,0.0019697188399732113,3.1791044776119405e-05,28.166666666666668,5070,,,,,,,,,,,,,
0.0133,0.0003021308220922947,3.164179104477612e-05,28.22222222222222,5080,,,,,,,,,,,,,
0.0119,0.6624894738197327,3.149253731343284e-05,28.27777777777778,5090,,,,,,,,,,,,,
0.0332,0.8083608150482178,3.1343283582089554e-05,28.333333333333332,5100,,,,,,,,,,,,,
0.0094,0.0006510854582302272,3.119402985074627e-05,28.38888888888889,5110,,,,,,,,,,,,,
0.0527,0.900223433971405,3.104477611940299e-05,28.444444444444443,5120,,,,,,,,,,,,,
0.022,0.001121740322560072,3.0895522388059704e-05,28.5,5130,,,,,,,,,,,,,
0.0001,0.0018959585577249527,3.074626865671642e-05,28.555555555555557,5140,,,,,,,,,,,,,
0.0511,0.008633173070847988,3.059701492537314e-05,28.61111111111111,5150,,,,,,,,,,,,,
0.0741,0.758340060710907,3.044776119402985e-05,28.666666666666668,5160,,,,,,,,,,,,,
0.1052,0.002529744291678071,3.029850746268657e-05,28.72222222222222,5170,,,,,,,,,,,,,
0.001,0.0015670566353946924,3.0149253731343284e-05,28.77777777777778,5180,,,,,,,,,,,,,
0.0622,0.715191662311554,3e-05,28.833333333333332,5190,,,,,,,,,,,,,
0.0145,0.00025451279361732304,2.9850746268656714e-05,28.88888888888889,5200,,,,,,,,,,,,,
0.0146,0.0006592542049475014,2.9701492537313434e-05,28.944444444444443,5210,,,,,,,,,,,,,
0.0092,0.0031419277656823397,2.955223880597015e-05,29.0,5220,,,,,,,,,,,,,
,,,29.0,5220,0.5871380567550659,0.9095354523227384,0.9091693046164572,0.912035791428345,0.9095354523227384,131.4432,6.223,0.396,,,,,
0.0131,0.0004961033118888736,2.9402985074626864e-05,29.055555555555557,5230,,,,,,,,,,,,,
0.0001,0.0006644160021096468,2.9253731343283587e-05,29.11111111111111,5240,,,,,,,,,,,,,
0.0132,0.00039907044265419245,2.91044776119403e-05,29.166666666666668,5250,,,,,,,,,,,,,
0.0089,0.0004368242807686329,2.8955223880597017e-05,29.22222222222222,5260,,,,,,,,,,,,,
0.0184,0.11934136599302292,2.880597014925373e-05,29.27777777777778,5270,,,,,,,,,,,,,
0.0085,0.0009590025874786079,2.865671641791045e-05,29.333333333333332,5280,,,,,,,,,,,,,
0.0001,0.002174458699300885,2.8507462686567167e-05,29.38888888888889,5290,,,,,,,,,,,,,
0.0079,0.0036535966210067272,2.835820895522388e-05,29.444444444444443,5300,,,,,,,,,,,,,
0.014,0.8239302635192871,2.82089552238806e-05,29.5,5310,,,,,,,,,,,,,
0.0185,0.7950785160064697,2.8059701492537317e-05,29.555555555555557,5320,,,,,,,,,,,,,
0.0176,0.7166728973388672,2.791044776119403e-05,29.61111111111111,5330,,,,,,,,,,,,,
0.0013,0.012311229482293129,2.7761194029850747e-05,29.666666666666668,5340,,,,,,,,,,,,,
0.0045,0.010572263970971107,2.7611940298507467e-05,29.72222222222222,5350,,,,,,,,,,,,,
0.0168,0.8687257766723633,2.746268656716418e-05,29.77777777777778,5360,,,,,,,,,,,,,
0.0189,0.0006637711776420474,2.7313432835820897e-05,29.833333333333332,5370,,,,,,,,,,,,,
0.0003,0.0008013324113562703,2.716417910447761e-05,29.88888888888889,5380,,,,,,,,,,,,,
0.0164,0.0025091960560530424,2.701492537313433e-05,29.944444444444443,5390,,,,,,,,,,,,,
0.0105,0.013736160472035408,2.6865671641791047e-05,30.0,5400,,,,,,,,,,,,,
,,,30.0,5400,0.5970367789268494,0.910757946210269,0.9103564348490858,0.9131072052582064,0.910757946210269,131.0676,6.241,0.397,,,,,
0.0193,0.0032190177589654922,2.671641791044776e-05,30.055555555555557,5410,,,,,,,,,,,,,
0.0043,0.0013298551784828305,2.656716417910448e-05,30.11111111111111,5420,,,,,,,,,,,,,
0.0067,0.001509276800788939,2.6417910447761197e-05,30.166666666666668,5430,,,,,,,,,,,,,
0.0078,0.0015140416799113154,2.626865671641791e-05,30.22222222222222,5440,,,,,,,,,,,,,
0.0,0.0004910780116915703,2.6119402985074626e-05,30.27777777777778,5450,,,,,,,,,,,,,
0.0134,1.8911148309707642,2.5970149253731346e-05,30.333333333333332,5460,,,,,,,,,,,,,
0.0068,0.0003358078538440168,2.582089552238806e-05,30.38888888888889,5470,,,,,,,,,,,,,
0.0649,1.11320161819458,2.5671641791044776e-05,30.444444444444443,5480,,,,,,,,,,,,,
0.0039,0.0028333268128335476,2.5522388059701496e-05,30.5,5490,,,,,,,,,,,,,
0.0001,0.00037308226455934346,2.537313432835821e-05,30.555555555555557,5500,,,,,,,,,,,,,
0.0104,0.002289234194904566,2.5223880597014926e-05,30.61111111111111,5510,,,,,,,,,,,,,
0.0093,0.0014673795085400343,2.507462686567164e-05,30.666666666666668,5520,,,,,,,,,,,,,
0.02,0.0005150600918568671,2.492537313432836e-05,30.72222222222222,5530,,,,,,,,,,,,,
0.0099,0.08337434381246567,2.4776119402985076e-05,30.77777777777778,5540,,,,,,,,,,,,,
0.0265,0.0025429734960198402,2.4626865671641793e-05,30.833333333333332,5550,,,,,,,,,,,,,
0.0001,0.0022019001189619303,2.447761194029851e-05,30.88888888888889,5560,,,,,,,,,,,,,
0.0043,0.0010218548122793436,2.4328358208955223e-05,30.944444444444443,5570,,,,,,,,,,,,,
0.0263,2.8138980865478516,2.4179104477611943e-05,31.0,5580,,,,,,,,,,,,,
,,,31.0,5580,0.5390258431434631,0.9193154034229829,0.9193660530836903,0.9219695186935559,0.9193154034229829,131.4569,6.223,0.396,,,,,
0.005,0.004477755166590214,2.402985074626866e-05,31.055555555555557,5590,,,,,,,,,,,,,
0.0046,0.0015797513769939542,2.3880597014925373e-05,31.11111111111111,5600,,,,,,,,,,,,,
0.0123,0.003052525222301483,2.3731343283582093e-05,31.166666666666668,5610,,,,,,,,,,,,,
0.0,0.0010839903261512518,2.3582089552238806e-05,31.22222222222222,5620,,,,,,,,,,,,,
0.0,0.00036786956479772925,2.3432835820895522e-05,31.27777777777778,5630,,,,,,,,,,,,,
0.0148,0.001153592485934496,2.328358208955224e-05,31.333333333333332,5640,,,,,,,,,,,,,
0.0091,0.0004701966536231339,2.3134328358208956e-05,31.38888888888889,5650,,,,,,,,,,,,,
0.0208,0.0022023054771125317,2.2985074626865672e-05,31.444444444444443,5660,,,,,,,,,,,,,
0.0126,0.6159099340438843,2.283582089552239e-05,31.5,5670,,,,,,,,,,,,,
0.0055,0.0010849866084754467,2.2686567164179106e-05,31.555555555555557,5680,,,,,,,,,,,,,
0.0081,0.0006014971295371652,2.2537313432835822e-05,31.61111111111111,5690,,,,,,,,,,,,,
0.022,0.00033329727011732757,2.238805970149254e-05,31.666666666666668,5700,,,,,,,,,,,,,
0.0105,0.0004485675017349422,2.2238805970149256e-05,31.72222222222222,5710,,,,,,,,,,,,,
0.0176,0.0004231880302540958,2.2089552238805972e-05,31.77777777777778,5720,,,,,,,,,,,,,
0.0089,0.7310119271278381,2.1940298507462685e-05,31.833333333333332,5730,,,,,,,,,,,,,
0.0095,0.0004772006650455296,2.1791044776119405e-05,31.88888888888889,5740,,,,,,,,,,,,,
0.0,0.0005070056649856269,2.164179104477612e-05,31.944444444444443,5750,,,,,,,,,,,,,
0.0046,0.0036547472700476646,2.1492537313432835e-05,32.0,5760,,,,,,,,,,,,,
,,,32.0,5760,0.5460979342460632,0.9193154034229829,0.9193090808107588,0.921620781347203,0.9193154034229829,133.1272,6.145,0.391,,,,,
0.0047,0.0008416339405812323,2.1343283582089555e-05,32.05555555555556,5770,,,,,,,,,,,,,
0.0084,0.0011432161554694176,2.119402985074627e-05,32.111111111111114,5780,,,,,,,,,,,,,
0.0102,0.7900851964950562,2.1044776119402985e-05,32.166666666666664,5790,,,,,,,,,,,,,
0.0089,0.001246352563612163,2.0895522388059702e-05,32.22222222222222,5800,,,,,,,,,,,,,
0.0063,0.0004089779104106128,2.074626865671642e-05,32.27777777777778,5810,,,,,,,,,,,,,
0.021,1.3447165489196777,2.0597014925373135e-05,32.333333333333336,5820,,,,,,,,,,,,,
0.0,0.0007770932279527187,2.0447761194029852e-05,32.388888888888886,5830,,,,,,,,,,,,,
0.0091,0.0009847712935879827,2.029850746268657e-05,32.44444444444444,5840,,,,,,,,,,,,,
0.0134,0.001138237421400845,2.0149253731343285e-05,32.5,5850,,,,,,,,,,,,,
0.004,0.001885158009827137,2e-05,32.55555555555556,5860,,,,,,,,,,,,,
0.0164,0.00019146814884152263,1.9850746268656718e-05,32.611111111111114,5870,,,,,,,,,,,,,
0.0174,0.00033960980363190174,1.9701492537313435e-05,32.666666666666664,5880,,,,,,,,,,,,,
0.0091,0.00040350822382606566,1.9552238805970148e-05,32.72222222222222,5890,,,,,,,,,,,,,
0.0136,0.0021825225558131933,1.9402985074626868e-05,32.77777777777778,5900,,,,,,,,,,,,,
0.0074,0.00037083899951539934,1.925373134328358e-05,32.833333333333336,5910,,,,,,,,,,,,,
0.0,0.0007187405717559159,1.9104477611940298e-05,32.888888888888886,5920,,,,,,,,,,,,,
0.0,0.0005472478223964572,1.8955223880597015e-05,32.94444444444444,5930,,,,,,,,,,,,,
0.0136,0.0025092873256653547,1.880597014925373e-05,33.0,5940,,,,,,,,,,,,,
,,,33.0,5940,0.5406240224838257,0.9205378973105135,0.920509705108612,0.9226164297646156,0.9205378973105135,134.4746,6.083,0.387,,,,,
0.0,0.0009169745608232915,1.865671641791045e-05,33.05555555555556,5950,,,,,,,,,,,,,
0.0089,0.0013081202050670981,1.8507462686567165e-05,33.111111111111114,5960,,,,,,,,,,,,,
0.0,0.0010676784440875053,1.835820895522388e-05,33.166666666666664,5970,,,,,,,,,,,,,
0.0089,0.7035892605781555,1.8208955223880598e-05,33.22222222222222,5980,,,,,,,,,,,,,
0.0041,0.0010746968910098076,1.8059701492537314e-05,33.27777777777778,5990,,,,,,,,,,,,,
0.0124,0.0004970662412233651,1.791044776119403e-05,33.333333333333336,6000,,,,,,,,,,,,,
0.0042,0.0005558031843975186,1.7761194029850748e-05,33.388888888888886,6010,,,,,,,,,,,,,
0.0037,0.6459897756576538,1.761194029850746e-05,33.44444444444444,6020,,,,,,,,,,,,,
0.0053,0.8401081562042236,1.746268656716418e-05,33.5,6030,,,,,,,,,,,,,
0.0102,0.0005781261716037989,1.7313432835820898e-05,33.55555555555556,6040,,,,,,,,,,,,,
0.0105,0.0004555619671009481,1.716417910447761e-05,33.611111111111114,6050,,,,,,,,,,,,,
0.01,0.0002825252595357597,1.701492537313433e-05,33.666666666666664,6060,,,,,,,,,,,,,
0.0225,0.00021561613539233804,1.6865671641791044e-05,33.72222222222222,6070,,,,,,,,,,,,,
0.0132,0.7104419469833374,1.6716417910447764e-05,33.77777777777778,6080,,,,,,,,,,,,,
0.0047,0.0005391319864429533,1.6567164179104477e-05,33.833333333333336,6090,,,,,,,,,,,,,
0.0135,0.002221922855824232,1.6417910447761194e-05,33.888888888888886,6100,,,,,,,,,,,,,
0.0153,0.0008165583712980151,1.626865671641791e-05,33.94444444444444,6110,,,,,,,,,,,,,
0.0131,0.0002997553092427552,1.6119402985074627e-05,34.0,6120,,,,,,,,,,,,,
,,,34.0,6120,0.5483744740486145,0.9205378973105135,0.9205350454576129,0.92274978960882,0.9205378973105135,133.0429,6.148,0.391,,,,,
0.0046,0.0005831808666698635,1.5970149253731344e-05,34.05555555555556,6130,,,,,,,,,,,,,
0.0182,1.515756368637085,1.582089552238806e-05,34.111111111111114,6140,,,,,,,,,,,,,
0.0089,0.00021781328541692346,1.5671641791044777e-05,34.166666666666664,6150,,,,,,,,,,,,,
0.0042,0.0006327684386633337,1.5522388059701494e-05,34.22222222222222,6160,,,,,,,,,,,,,
0.0047,0.00043958754395134747,1.537313432835821e-05,34.27777777777778,6170,,,,,,,,,,,,,
0.0151,0.0005107883480377495,1.5223880597014925e-05,34.333333333333336,6180,,,,,,,,,,,,,
0.0,0.0008119038539007306,1.5074626865671642e-05,34.388888888888886,6190,,,,,,,,,,,,,
0.008,0.0005555495154112577,1.4925373134328357e-05,34.44444444444444,6200,,,,,,,,,,,,,
0.0188,0.6963631510734558,1.4776119402985075e-05,34.5,6210,,,,,,,,,,,,,
0.0054,0.0005174540565349162,1.4626865671641794e-05,34.55555555555556,6220,,,,,,,,,,,,,
0.0137,0.0014250593958422542,1.4477611940298509e-05,34.611111111111114,6230,,,,,,,,,,,,,
0.009,0.00025917033781297505,1.4328358208955225e-05,34.666666666666664,6240,,,,,,,,,,,,,
0.0076,0.5759424567222595,1.417910447761194e-05,34.72222222222222,6250,,,,,,,,,,,,,
0.0,0.0006797312526032329,1.4029850746268658e-05,34.77777777777778,6260,,,,,,,,,,,,,
0.0245,1.8139498233795166,1.3880597014925373e-05,34.833333333333336,6270,,,,,,,,,,,,,
0.0089,0.0006916439742781222,1.373134328358209e-05,34.888888888888886,6280,,,,,,,,,,,,,
0.0041,0.003122019814327359,1.3582089552238805e-05,34.94444444444444,6290,,,,,,,,,,,,,
0.004,0.0003094590501859784,1.3432835820895523e-05,35.0,6300,,,,,,,,,,,,,
,,,35.0,6300,0.559318482875824,0.921760391198044,0.9217339840568755,0.924064241535466,0.921760391198044,133.633,6.121,0.389,,,,,
0.0108,0.6359748244285583,1.328358208955224e-05,35.05555555555556,6310,,,,,,,,,,,,,
0.0,0.00033721173531375825,1.3134328358208955e-05,35.111111111111114,6320,,,,,,,,,,,,,
0.0229,0.8601699471473694,1.2985074626865673e-05,35.166666666666664,6330,,,,,,,,,,,,,
0.0187,1.1264266967773438,1.2835820895522388e-05,35.22222222222222,6340,,,,,,,,,,,,,
0.0027,0.0008568212506361306,1.2686567164179105e-05,35.27777777777778,6350,,,,,,,,,,,,,
0.011,0.00035170966293662786,1.253731343283582e-05,35.333333333333336,6360,,,,,,,,,,,,,
0.0172,0.00023318835883401334,1.2388059701492538e-05,35.388888888888886,6370,,,,,,,,,,,,,
0.0163,0.00032801859197206795,1.2238805970149255e-05,35.44444444444444,6380,,,,,,,,,,,,,
0.0099,0.0007180795655585825,1.2089552238805971e-05,35.5,6390,,,,,,,,,,,,,
0.0,0.0003882198943756521,1.1940298507462686e-05,35.55555555555556,6400,,,,,,,,,,,,,
0.0056,0.00024970623780973256,1.1791044776119403e-05,35.611111111111114,6410,,,,,,,,,,,,,
0.0036,0.00037826449261046946,1.164179104477612e-05,35.666666666666664,6420,,,,,,,,,,,,,
0.0053,0.0006165895611047745,1.1492537313432836e-05,35.72222222222222,6430,,,,,,,,,,,,,
0.0,0.00037234026240184903,1.1343283582089553e-05,35.77777777777778,6440,,,,,,,,,,,,,
0.0101,0.00033528998028486967,1.119402985074627e-05,35.833333333333336,6450,,,,,,,,,,,,,
0.0128,0.0009787083836272359,1.1044776119402986e-05,35.888888888888886,6460,,,,,,,,,,,,,
0.0049,0.0005790059803985059,1.0895522388059703e-05,35.94444444444444,6470,,,,,,,,,,,,,
0.0091,0.000487773708300665,1.0746268656716418e-05,36.0,6480,,,,,,,,,,,,,
,,,36.0,6480,0.5534612536430359,0.9205378973105135,0.9205350454576129,0.92274978960882,0.9205378973105135,134.5184,6.081,0.387,,,,,
0.0054,0.7754973769187927,1.0597014925373134e-05,36.05555555555556,6490,,,,,,,,,,,,,
0.0092,0.001242088619619608,1.0447761194029851e-05,36.111111111111114,6500,,,,,,,,,,,,,
0.0085,0.7089516520500183,1.0298507462686568e-05,36.166666666666664,6510,,,,,,,,,,,,,
0.0102,1.0352047681808472,1.0149253731343284e-05,36.22222222222222,6520,,,,,,,,,,,,,
0.0043,0.0005305143422447145,1e-05,36.27777777777778,6530,,,,,,,,,,,,,
0.0183,0.00040135253220796585,9.850746268656717e-06,36.333333333333336,6540,,,,,,,,,,,,,
0.0089,0.00034165213583037257,9.701492537313434e-06,36.388888888888886,6550,,,,,,,,,,,,,
0.0079,0.0004576584615278989,9.552238805970149e-06,36.44444444444444,6560,,,,,,,,,,,,,
0.0085,0.0013389834202826023,9.402985074626866e-06,36.5,6570,,,,,,,,,,,,,
0.0131,0.000535587954800576,9.253731343283582e-06,36.55555555555556,6580,,,,,,,,,,,,,
0.009,0.0004739557334687561,9.104477611940299e-06,36.611111111111114,6590,,,,,,,,,,,,,
0.0088,0.00022315781097859144,8.955223880597016e-06,36.666666666666664,6600,,,,,,,,,,,,,
0.0,0.0005115586100146174,8.80597014925373e-06,36.72222222222222,6610,,,,,,,,,,,,,
0.0136,0.7076159715652466,8.656716417910449e-06,36.77777777777778,6620,,,,,,,,,,,,,
0.0091,0.0005271273548714817,8.507462686567165e-06,36.833333333333336,6630,,,,,,,,,,,,,
0.0107,0.0005503856809809804,8.358208955223882e-06,36.888888888888886,6640,,,,,,,,,,,,,
0.0031,0.585898756980896,8.208955223880597e-06,36.94444444444444,6650,,,,,,,,,,,,,
0.0091,0.00046889329678379,8.059701492537314e-06,37.0,6660,,,,,,,,,,,,,
,,,37.0,6660,0.5550658702850342,0.9205378973105135,0.9205350454576129,0.92274978960882,0.9205378973105135,133.2498,6.139,0.39,,,,,
0.0044,0.0006533815176226199,7.91044776119403e-06,37.05555555555556,6670,,,,,,,,,,,,,
0.0149,0.0005989737692289054,7.761194029850747e-06,37.111111111111114,6680,,,,,,,,,,,,,
0.009,0.0007057991460897028,7.611940298507463e-06,37.166666666666664,6690,,,,,,,,,,,,,
0.0043,0.0005046084406785667,7.4626865671641785e-06,37.22222222222222,6700,,,,,,,,,,,,,
0.0045,0.0006583562935702503,7.313432835820897e-06,37.27777777777778,6710,,,,,,,,,,,,,
0.0043,0.00038022021180950105,7.164179104477613e-06,37.333333333333336,6720,,,,,,,,,,,,,
0.0089,0.0005648348014801741,7.014925373134329e-06,37.388888888888886,6730,,,,,,,,,,,,,
0.0046,0.0002649521629791707,6.865671641791045e-06,37.44444444444444,6740,,,,,,,,,,,,,
0.0116,0.0002702386991586536,6.716417910447762e-06,37.5,6750,,,,,,,,,,,,,
0.0167,0.712546169757843,6.5671641791044775e-06,37.55555555555556,6760,,,,,,,,,,,,,
0.004,0.0002572562370914966,6.417910447761194e-06,37.611111111111114,6770,,,,,,,,,,,,,
0.005,0.0006817360990680754,6.26865671641791e-06,37.666666666666664,6780,,,,,,,,,,,,,
0.0148,0.0007180488901212811,6.119402985074627e-06,37.72222222222222,6790,,,,,,,,,,,,,
0.0227,0.0002746859099715948,5.970149253731343e-06,37.77777777777778,6800,,,,,,,,,,,,,
0.0094,0.00023389038688037544,5.82089552238806e-06,37.833333333333336,6810,,,,,,,,,,,,,
0.0078,0.00032402059878222644,5.671641791044776e-06,37.888888888888886,6820,,,,,,,,,,,,,
0.0088,0.7730910181999207,5.522388059701493e-06,37.94444444444444,6830,,,,,,,,,,,,,
0.0,0.0056718261912465096,5.373134328358209e-06,38.0,6840,,,,,,,,,,,,,
,,,38.0,6840,0.5555582642555237,0.9205378973105135,0.9205350454576129,0.92274978960882,0.9205378973105135,133.4834,6.128,0.39,,,,,
0.0087,0.0004738780844490975,5.2238805970149255e-06,38.05555555555556,6850,,,,,,,,,,,,,
0.0044,0.0003085650969296694,5.074626865671642e-06,38.111111111111114,6860,,,,,,,,,,,,,
0.0129,0.7633286118507385,4.925373134328359e-06,38.166666666666664,6870,,,,,,,,,,,,,
0.0091,0.00048631205572746694,4.7761194029850745e-06,38.22222222222222,6880,,,,,,,,,,,,,
0.0046,0.0009049345972016454,4.626865671641791e-06,38.27777777777778,6890,,,,,,,,,,,,,
0.0042,0.00040263572009280324,4.477611940298508e-06,38.333333333333336,6900,,,,,,,,,,,,,
0.0,0.0005145677132532,4.328358208955224e-06,38.388888888888886,6910,,,,,,,,,,,,,
0.0232,0.0005586541374213994,4.179104477611941e-06,38.44444444444444,6920,,,,,,,,,,,,,
0.0088,0.00044133016490377486,4.029850746268657e-06,38.5,6930,,,,,,,,,,,,,
0.0132,0.00036266635288484395,3.8805970149253735e-06,38.55555555555556,6940,,,,,,,,,,,,,
0.0131,0.7556635141372681,3.7313432835820893e-06,38.611111111111114,6950,,,,,,,,,,,,,
0.0177,0.7518147230148315,3.5820895522388063e-06,38.666666666666664,6960,,,,,,,,,,,,,
0.0052,0.00023502501426264644,3.4328358208955225e-06,38.72222222222222,6970,,,,,,,,,,,,,
0.0161,0.7348953485488892,3.2835820895522387e-06,38.77777777777778,6980,,,,,,,,,,,,,
0.0042,0.000990595086477697,3.134328358208955e-06,38.833333333333336,6990,,,,,,,,,,,,,
0.009,0.00023291398247238249,2.9850746268656716e-06,38.888888888888886,7000,,,,,,,,,,,,,
0.0,0.0012280849041417241,2.835820895522388e-06,38.94444444444444,7010,,,,,,,,,,,,,
0.0,0.0002323776134289801,2.6865671641791044e-06,39.0,7020,,,,,,,,,,,,,
,,,39.0,7020,0.5577501058578491,0.921760391198044,0.9217859708806077,0.9241521651203025,0.921760391198044,135.614,6.032,0.383,,,,,
0.0089,0.00070479407440871,2.537313432835821e-06,39.05555555555556,7030,,,,,,,,,,,,,
0.0043,0.0002050674520432949,2.3880597014925373e-06,39.111111111111114,7040,,,,,,,,,,,,,
0.0,0.0002731636050157249,2.238805970149254e-06,39.166666666666664,7050,,,,,,,,,,,,,
0.0042,0.0003615858731791377,2.0895522388059705e-06,39.22222222222222,7060,,,,,,,,,,,,,
0.0089,0.00021285896946210414,1.9402985074626867e-06,39.27777777777778,7070,,,,,,,,,,,,,
0.0042,0.0010840457398444414,1.7910447761194032e-06,39.333333333333336,7080,,,,,,,,,,,,,
0.0,0.0005545027670450509,1.6417910447761194e-06,39.388888888888886,7090,,,,,,,,,,,,,
0.0134,0.0009348204475827515,1.4925373134328358e-06,39.44444444444444,7100,,,,,,,,,,,,,
0.0188,0.000596306927036494,1.3432835820895522e-06,39.5,7110,,,,,,,,,,,,,
0.03,0.9557519555091858,1.1940298507462686e-06,39.55555555555556,7120,,,,,,,,,,,,,
0.0,0.0006773396744392812,1.0447761194029853e-06,39.611111111111114,7130,,,,,,,,,,,,,
0.0084,0.000392852263757959,8.955223880597016e-07,39.666666666666664,7140,,,,,,,,,,,,,
0.0,0.0002481469127815217,7.462686567164179e-07,39.72222222222222,7150,,,,,,,,,,,,,
0.0091,0.0006681537488475442,5.970149253731343e-07,39.77777777777778,7160,,,,,,,,,,,,,
0.0,0.00022674787032883614,4.477611940298508e-07,39.833333333333336,7170,,,,,,,,,,,,,
0.0085,0.0007553808973170817,2.9850746268656716e-07,39.888888888888886,7180,,,,,,,,,,,,,
0.0131,0.7669686079025269,1.4925373134328358e-07,39.94444444444444,7190,,,,,,,,,,,,,
0.0219,0.00032915762858465314,0.0,40.0,7200,,,,,,,,,,,,,
,,,40.0,7200,0.5577256679534912,0.9229828850855746,0.9229888016265388,0.9252134921180604,0.9229828850855746,137.1375,5.965,0.379,,,,,
,,,40.0,7200,,,,,,,,,26771.4963,4.285,0.269,8.890120080161833e+18,0.049635007331495826
,,,40.0,7200,0.20268940925598145,0.9322033898305084,0.9322524037418162,0.9339784535298536,0.9322033898305084,88.3812,4.673,0.294,,,,,
